relE	relB	hokD	alaS	ilvN
0.1017512	1.0140979	0.1183276	1.0197753	0.9573333
