relE	relB	hokD	alaS	ilvN
0.0690458	0.7808535	0.2032059	0.5725210	0.7098265
