relE	relB	hokD	alaS	ilvN
0.1141474	1.0590266	0.1103301	0.8506831	0.9543922
