fur	rcnR	metJ	metR	metE	metH	metA	rcnA	hmp	ydfN
1.0181756	1.0042381	0.1852453	0.9810575	0.5410559	0.4292555	0.9464117	0.2450975	0.6735245	0.0619869
