fur	rcnR	metJ	metR	metE	metH	metA	rcnA	hmp	ydfN
0.7408062	0.7625540	0.2155675	0.6406636	0.4338721	0.3110847	0.6594494	0.1476230	0.5526824	0.0309159
