fur	rcnR	metJ	metR	metE	metH	metA	rcnA	hmp	ydfN
0.6593263	0.7966841	0.1044859	0.8604615	0.3625466	0.3052869	0.6206485	0.2101010	0.4785089	0.0237866
