fur	rcnR	metJ	metR	metE	metH	metA	rcnA	hmp	ydfN
1.0656191	0.9491509	0.2200314	0.9274501	0.5176824	0.4316510	1.0998403	0.2818291	0.6490689	0.0687770
