fur	rcnR	metJ	metR	metE	metH	metA	rcnA	hmp	ydfN
1.0000000	0.9993648	0.2285716	0.9474661	0.5229020	0.4212851	0.9953211	0.2441164	0.6434393	0.0561720
