gadX	torR	rutR	gadW	hdeA	gadY	yhiD	dctR	hdeB	gadC
0.0137303	0.7342282	0.6831296	0.7107759	0.2563416	0.0092883	0.6436732	0.0157624	0.6510332	0.0128807
