gadX	torR	rutR	gadW	hdeA	gadY	yhiD	dctR	hdeB	gadC
0.0037095	0.6507473	0.7170838	0.7829261	0.2896528	0.0255141	0.4694765	0.0102133	0.5953803	0.0109401
