gadX	torR	rutR	gadW	hdeA	gadY	yhiD	dctR	hdeB	gadC
0.0127105	1.0000000	1.0000000	0.9989526	0.3799769	0.0085438	0.7781566	0.0138352	0.9225880	0.0170373
