hyfR	fhlA	nsrR	feaR	hycB	hyfF	hyfH	hypC	hycG	hycF	hyfI	hyfJ	hypA	hycA	focB	hycE	hypE	hyfC	hypD	hyfA
0.7372260	0.2451787	1.0000000	0.0510387	0.0384055	0.1005268	0.6563023	0.2265897	0.0873101	0.0317461	0.3881839	0.9967848	0.0618466	0.4434562	0.9998960	0.0076538	0.1095260	0.5083448	0.0853844	0.5677264
