gadX	torR	hdeA	hdeB	yhiD
0.2523870	0.9552830	0.7982117	1.0216073	0.5158499
