gadX	torR	hdeA	hdeB	yhiD
0.1702490	0.5885658	0.4744178	0.7162155	0.3650078
