gadX	torR	hdeA	hdeB	yhiD
0.2112534	0.6463389	0.5386463	0.5937876	0.3737051
