gadX	torR	hdeA	hdeB	yhiD
0.2435266	1.0000000	0.7464808	0.9189397	0.5419059
