kdgR	eda	gntR	idnR	idnO	idnT	idnK	gntU	gntK	idnD
0.9849776	1.0031465	0.0000000	0.0000000	0.4622410	0.9406214	0.6180564	1.0929988	0.9446398	0.0158774
0.0000000	0.9429515	0.0000000	1.0373236	1.0962469	0.9979779	0.7680470	1.0730194	0.6638521	0.7493987
