kdgR	eda	gntR	idnR	idnO	idnT	idnK	gntU	gntK	idnD
0.024442166360932525	0.021805273272749785	0.0	0.0	0.017621405196479784	0.02551324826178379	0.02361329182438249	0.020915974416948226	0.03590876741244904	0.030139935601235752
0.0	0.021805273272749785	0.0	0.016992227072447356	0.017621405196479784	0.02551324826178379	0.02361329182438249	0.020915974416948226	0.03590876741244904	0.030139935601235752
