fur	rcnR	metJ	metR	metE	metH	metA	rcnA	hmp	ydfN
1.0455503	0.9310676	0.2004338	0.9090092	0.5396108	0.4522406	0.9977464	0.2326921	0.6323907	0.0472733
