fur	rcnR	metJ	metR	metE	metH	metA	rcnA	hmp	ydfN
0.7994523	0.6609132	0.1427059	0.7035727	0.3858360	0.2815465	0.6970668	0.2780536	0.4903956	0.0365838
