fur	rcnR	metJ	metR	metE	metH	metA	rcnA	hmp	ydfN
1.0000000	0.9993649	0.2285666	0.9474730	0.5232974	0.4213275	0.9953214	0.2441097	0.6435243	0.0561719
