fur	rcnR	metJ	metR	metE	metH	metA	rcnA	hmp	ydfN
0.7299798	0.6757632	0.1387951	0.5931681	0.4535812	0.3211976	0.6607664	0.1734958	0.4387860	0.0687169
