gadX	torR	hdeA	hdeB	yhiD
0.2849478	0.9340689	0.7512470	1.0043580	0.4416038
