gadX	torR	hdeA	hdeB	yhiD
0.2047881	0.7348974	0.5052208	0.5299915	0.3381031
