gadX	torR	hdeA	hdeB	yhiD
0.2658129	0.9705305	0.7829172	0.8982202	0.5490946
