gadX	torR	hdeA	hdeB	yhiD
0.2435474	1.0000000	0.7464636	0.9187914	0.5420054
