gadX	torR	hdeA	hdeB	yhiD
0.2125459	0.6217984	0.4439909	0.6727800	0.2908238
