relE	relB	hokD	alaS	ilvN
0.1106445	0.6317020	0.1032756	0.7151276	0.6742444
