gadX	torR	rutR	gadW	hdeA	gadY	yhiD	dctR	hdeB	gadC
0.0151141	0.7797696	0.8035792	0.7225535	0.3007529	0.0167776	0.5414089	0.0288167	0.5943839	0.0072430
