relE	relB	hokD	alaS	ilvN
0.0940266	0.9998861	0.1048542	1.0000000	1.0000000
