relE	relB	hokD	alaS	ilvN
0.1363031	1.0056826	0.1313701	1.0309245	0.9557051
