relE	relB	hokD	alaS	ilvN
0.0733894	0.6830804	0.1087479	0.7724633	0.7306947
