gadX	torR	hdeA	hdeB	yhiD
0.2739897	1.0360596	0.7740324	0.9972861	0.5398690
