fur	rcnR	metJ	metR	metE	metH	metA	rcnA	hmp	ydfN
1.0554073	1.1116253	0.2263310	0.9474865	0.5283697	0.4162505	0.9166137	0.2126890	0.7651084	0.0699804
