relE	relB	hokD	alaS	ilvN
0.0776635	0.7003369	0.0577703	0.8793949	0.7794769
