relE	relB	hokD	alaS	ilvN
0.1056932	1.0496581	0.1042846	1.0165102	0.9902612
