relE	relB	hokD	alaS	ilvN
0.0940673	0.9998771	0.1048180	1.0000000	1.0000000
